{"cameraMode":{"drawMode":0,"name":"Shaded","section":"Shading Mode"},"sceneLighting":true,"audioPlay":false,"sceneViewState":{"showFog":true,"showMaterialUpdate":false,"showSkybox":true,"showFlares":true,"showImageEffects":true,"showParticleSystems":true},"in2DMode":false,"pivot":{"x":340.566162109375,"y":-316.44134521484377,"z":-782.9227294921875},"rotation":{"x":-0.007199335843324661,"y":0.9457086324691773,"z":-0.3242567777633667,"w":-0.020997097715735437},"size":1755.4371337890625,"orthographic":false}